<?xml version="1.0" encoding="UTF-8"?>
<robot generated="20111027 10:11:57.563" generator="Rebot trunk 20111007 (Python 2.7.2+ on linux2)">
<suite id="s1" name="Normal &amp; Normal">
<suite id="s1-s1" source="normal.html" name="Normal">
<kw type="setup" name="my setup" timeout="1 year">
<doc></doc>
<arguments>
</arguments>
<status status="PASS" endtime="20111024 13:41:20.888" starttime="20111024 13:41:20.886"></status>
</kw>
<test id="s1-s1-t1" name="First One" timeout="">
<kw type="kw" name="BuiltIn.Log" timeout="">
<doc>Logs the given message with the given level.</doc>
<arguments>
<arg>Test 1</arg>
</arguments>
<msg timestamp="20111024 13:41:20.927" level="INFO">Test 1</msg>
<status status="PASS" endtime="20111024 13:41:20.928" starttime="20111024 13:41:20.926"></status>
</kw>
<kw type="kw" name="logs on trace" timeout="">
<doc></doc>
<arguments>
</arguments>
<kw type="kw" name="BuiltIn.Log" timeout="">
<doc>Logs the given message with the given level.</doc>
<arguments>
<arg>Log on ${TEST NAME}</arg>
<arg>TRACE</arg>
</arguments>
<status status="PASS" endtime="20111024 13:41:20.932" starttime="20111024 13:41:20.931"></status>
</kw>
<status status="PASS" endtime="20111024 13:41:20.933" starttime="20111024 13:41:20.930"></status>
</kw>
<doc>Test case documentation</doc>
<tags>
<tag>t1</tag>
</tags>
<status status="PASS" endtime="20111024 13:41:20.934" critical="yes" starttime="20111024 13:41:20.925"></status>
</test>
<doc>Normal test cases</doc>
<metadata>
<item name="Something">My Value</item>
</metadata>
<status status="PASS" endtime="20111024 13:41:20.952" starttime="20111024 13:41:20.873"></status>
</suite>
<suite id="s1-s2" source="normal.html" name="Normal">
<kw type="setup" name="my setup" timeout="1 year">
<doc></doc>
<arguments>
</arguments>
<status status="PASS" endtime="20111024 13:41:20.888" starttime="20111024 13:41:20.886"></status>
</kw>
<test id="s1-s2-t1" name="First One" timeout="">
<kw type="kw" name="BuiltIn.Log" timeout="">
<doc>Logs the given message with the given level.</doc>
<arguments>
<arg>Test 1</arg>
</arguments>
<msg timestamp="20111024 13:41:20.927" level="INFO">Test 1</msg>
<status status="PASS" endtime="20111024 13:41:20.928" starttime="20111024 13:41:20.926"></status>
</kw>
<kw type="kw" name="logs on trace" timeout="">
<doc></doc>
<arguments>
</arguments>
<kw type="kw" name="BuiltIn.Log" timeout="">
<doc>Logs the given message with the given level.</doc>
<arguments>
<arg>Log on ${TEST NAME}</arg>
<arg>TRACE</arg>
</arguments>
<status status="PASS" endtime="20111024 13:41:20.932" starttime="20111024 13:41:20.931"></status>
</kw>
<status status="PASS" endtime="20111024 13:41:20.933" starttime="20111024 13:41:20.930"></status>
</kw>
<doc>Test case documentation</doc>
<tags>
<tag>t1</tag>
</tags>
<status status="PASS" endtime="20111024 13:41:20.934" critical="yes" starttime="20111024 13:41:20.925"></status>
</test>
<doc>Normal test cases</doc>
<metadata>
<item name="Something">My Value</item>
</metadata>
<status status="PASS" endtime="20111024 13:41:20.952" starttime="20111024 13:41:20.873"></status>
</suite>
<doc></doc>
<metadata>
</metadata>
<status status="PASS" elapsedtime="158" endtime="N/A" starttime="N/A"></status>
</suite>
<statistics>
<total>
<stat fail="0" pass="2">Critical Tests</stat>
<stat fail="0" pass="2">All Tests</stat>
</total>
<tag>
<stat info="" links="" doc="" combined="" pass="2" fail="0">t1</stat>
</tag>
<suite>
<stat fail="0" name="Normal &amp; Normal" id="s1" pass="2">Normal &amp; Normal</stat>
<stat fail="0" name="Normal" id="s1-s1" pass="1">Normal &amp; Normal.Normal</stat>
<stat fail="0" name="Normal" id="s1-s2" pass="1">Normal &amp; Normal.Normal</stat>
</suite>
</statistics>
<errors>
<msg timestamp="20111024 13:41:20.873" level="ERROR">Error in file 'normal.html' in table 'Settings': Resource file 'nope' does not exist.</msg>
<msg timestamp="20111024 13:41:20.873" level="ERROR">Error in file 'normal.html' in table 'Settings': Resource file 'nope' does not exist.</msg>
</errors>
</robot>
